customer_id,first_name,last_name,email,registration_date
1,Claire,Gute,claire.gute@gmail.com,11/8/2019
2,Darrin,Van,darrin.van@gmail.com,11/8/2019
3,Sean,O'Donnell,sean.o'donnell@gmail.com,6/12/2019
4,Brosina,Hoffman,brosina.hoffman@gmail.com,10/11/2018
5,Andrew,Allen,andrew.allen@gmail.com,10/11/2018
6,Irene,Maddox,irene.maddox@gmail.com,6/9/2017
7,Harold,Pawlan,harold.pawlan@gmail.com,6/9/2017
8,Pete,Kriz,pete.kriz@gmail.com,6/9/2017
9,Alejandro,Grove,alejandro.grove@gmail.com,6/9/2017
10,Zuschuss,Donatelli,zuschuss.donatelli@gmail.com,6/9/2017
11,Ken,Black,ken.black@gmail.com,6/9/2017
12,Sandra,Flanagan,sandra.flanagan@gmail.com,6/9/2017
13,Emily,Burns,emily.burns@gmail.com,4/15/2020
14,Eric,Hoffmann,eric.hoffmann@gmail.com,12/5/2019
15,Tracy,Blumstein,tracy.blumstein@gmail.com,11/22/2018
16,Matt,Abelman,matt.abelman@gmail.com,11/22/2018
17,Gene,Hale,gene.hale@gmail.com,11/11/2017
18,Steve,Nguyen,steve.nguyen@gmail.com,5/13/2017
19,Linda,Cazamias,linda.cazamias@gmail.com,8/27/2017
20,Ruben,Ausman,ruben.ausman@gmail.com,8/27/2017
21,Erin,Smith,erin.smith@gmail.com,8/27/2017
22,Odella,Nelson,odella.nelson@gmail.com,12/9/2019
23,Patrick,O'Donnell,patrick.o'donnell@gmail.com,12/9/2019
24,Lena,Hernandez,lena.hernandez@gmail.com,7/16/2020
25,Darren,Powers,darren.powers@gmail.com,9/25/2018
26,Janet,Molinari,janet.molinari@gmail.com,1/16/2019
27,Ted,Butterfield,ted.butterfield@gmail.com,1/16/2019
28,Kunst,Miller,kunst.miller@gmail.com,9/17/2018
29,Paul,Stevenson,paul.stevenson@gmail.com,9/17/2018
30,Brendan,Sweed,brendan.sweed@gmail.com,9/17/2018
31,Karen,Daniels,karen.daniels@gmail.com,9/17/2018
32,Henry,MacAllister,henry.macallister@gmail.com,9/17/2018
33,Joel,Eaton,joel.eaton@gmail.com,9/17/2018
34,Ken,Brennan,ken.brennan@gmail.com,9/17/2018
35,Stewart,Carmichael,stewart.carmichael@gmail.com,10/19/2020
36,Duane,Noonan,duane.noonan@gmail.com,12/8/2019
37,Julie,Creighton,julie.creighton@gmail.com,12/8/2019
38,Christopher,Schild,christopher.schild@gmail.com,12/27/2018
39,Paul,Gonzalez,paul.gonzalez@gmail.com,12/27/2018
40,Gary,Mitchum,gary.mitchum@gmail.com,12/27/2018
41,Jim,Sink,jim.sink@gmail.com,12/27/2018
42,Karl,Braun,karl.braun@gmail.com,9/10/2020
43,Roger,Barcio,roger.barcio@gmail.com,7/17/2019
44,Parhena,Norris,parhena.norris@gmail.com,9/19/2020
45,Katherine,Ducich,katherine.ducich@gmail.com,3/11/2019
46,Elpida,Rittenbach,elpida.rittenbach@gmail.com,3/11/2019
47,Rick,Bensley,rick.bensley@gmail.com,10/20/2017
48,Gary,Zandusky,gary.zandusky@gmail.com,6/20/2019
49,Lena,Cacioppo,lena.cacioppo@gmail.com,6/20/2019
50,Janet,Martin,janet.martin@gmail.com,4/18/2018
51,Pete,Armstrong,pete.armstrong@gmail.com,4/18/2018
52,Cynthia,Voltz,cynthia.voltz@gmail.com,4/18/2018
53,Clay,Ludtke,clay.ludtke@gmail.com,4/18/2018
54,Ryan,Crowe,ryan.crowe@gmail.com,12/11/2019
55,Dave,Kipp,dave.kipp@gmail.com,12/11/2019
56,Greg,Guthrie,greg.guthrie@gmail.com,6/17/2019
57,Steven,Cartwright,steven.cartwright@gmail.com,6/17/2019
58,Alan,Dominguez,alan.dominguez@gmail.com,6/17/2019
59,Philip,Fox,philip.fox@gmail.com,6/17/2019
60,Troy,Staebel,troy.staebel@gmail.com,6/17/2019
61,Lindsay,Shagiari,lindsay.shagiari@gmail.com,6/17/2019
62,Dorothy,Wardle,dorothy.wardle@gmail.com,6/17/2019
63,Lena,Creighton,lena.creighton@gmail.com,11/24/2018
64,Jonathan,Doherty,jonathan.doherty@gmail.com,11/24/2018
65,Sally,Hughsby,sally.hughsby@gmail.com,11/24/2018
66,Sandra,Glassco,sandra.glassco@gmail.com,11/24/2018
67,Helen,Andreada,helen.andreada@gmail.com,4/30/2018
68,Maureen,Gastineau,maureen.gastineau@gmail.com,12/5/2017
69,Justin,Ellison,justin.ellison@gmail.com,12/5/2017
70,Tamara,Willingham,tamara.willingham@gmail.com,6/4/2019
71,Stephanie,Phelps,stephanie.phelps@gmail.com,9/18/2019
72,Neil,Knudson,neil.knudson@gmail.com,9/14/2020
73,Dave,Brooks,dave.brooks@gmail.com,4/26/2018
74,Nora,Paige,nora.paige@gmail.com,4/26/2018
75,Ted,Trevino,ted.trevino@gmail.com,4/26/2018
76,Eric,Murdock,eric.murdock@gmail.com,12/9/2020
77,Ruben,Dartt,ruben.dartt@gmail.com,12/9/2020
78,Max,Jones,max.jones@gmail.com,12/9/2020
79,Becky,Martin,becky.martin@gmail.com,11/26/2017
80,Chad,Sievert,chad.sievert@gmail.com,6/12/2019
81,Jennifer,Braxton,jennifer.braxton@gmail.com,6/12/2019
82,Shirley,Jackson,shirley.jackson@gmail.com,10/12/2017
83,Jim,Kriz,jim.kriz@gmail.com,10/12/2017
84,David,Kendrick,david.kendrick@gmail.com,9/3/2018
85,Robert,Marley,robert.marley@gmail.com,11/13/2020
86,Sally,Knutson,sally.knutson@gmail.com,5/28/2020
87,Frank,Merwin,frank.merwin@gmail.com,10/26/2020
88,Alice,McCarthy,alice.mccarthy@gmail.com,10/26/2020
89,Mark,Packer,mark.packer@gmail.com,4/5/2019
90,Mary,Zewe,mary.zewe@gmail.com,9/17/2019
91,Cassandra,Brandow,cassandra.brandow@gmail.com,9/17/2019
92,Valerie,Mitchum,valerie.mitchum@gmail.com,9/17/2019
93,Fred,Hopkins,fred.hopkins@gmail.com,1/31/2018
94,Maria,Bertelson,maria.bertelson@gmail.com,1/31/2018
95,Bruce,Stewart,bruce.stewart@gmail.com,1/31/2018
96,Logan,Currie,logan.currie@gmail.com,11/6/2020
97,Heather,Kirkland,heather.kirkland@gmail.com,11/9/2020
98,Laurel,Elliston,laurel.elliston@gmail.com,6/17/2020
99,Joseph,Holt,joseph.holt@gmail.com,9/6/2019
100,Michael,Stewart,michael.stewart@gmail.com,8/29/2019
101,Victoria,Wilson,victoria.wilson@gmail.com,8/29/2019
102,Jonathan,Howell,jonathan.howell@gmail.com,8/29/2019
103,Joni,Blumstein,joni.blumstein@gmail.com,12/1/2019
104,David,Smith,david.smith@gmail.com,11/13/2018
105,Valerie,Dominguez,valerie.dominguez@gmail.com,11/13/2018
106,Erin,Ashbrook,erin.ashbrook@gmail.com,11/13/2018
107,David,Bremer,david.bremer@gmail.com,11/23/2020
108,Ken,Lonsdale,ken.lonsdale@gmail.com,11/23/2020
109,Dianna,Wilson,dianna.wilson@gmail.com,11/23/2020
110,Logan,Haushalter,logan.haushalter@gmail.com,10/15/2018
111,Kelly,Collister,kelly.collister@gmail.com,12/25/2020
112,Delfina,Latchford,delfina.latchford@gmail.com,11/3/2019
113,Dan,Reichenbach,dan.reichenbach@gmail.com,11/3/2019
114,Craig,Carreira,craig.carreira@gmail.com,8/25/2017
115,Dorris,liebe,dorris.liebe@gmail.com,8/25/2017
116,Sean,Braxton,sean.braxton@gmail.com,8/25/2017
117,Roy,Collins,roy.collins@gmail.com,8/25/2017
118,Alan,Hwang,alan.hwang@gmail.com,3/2/2018
119,Claudia,Bergmann,claudia.bergmann@gmail.com,4/5/2018
120,Christine,Abelman,christine.abelman@gmail.com,6/12/2019
121,Kristen,Hastings,kristen.hastings@gmail.com,6/12/2019
122,Barry,Blumstein,barry.blumstein@gmail.com,6/12/2019
123,Andrew,Gjertsen,andrew.gjertsen@gmail.com,6/12/2019
124,Jas,O'Carroll,jas.o'carroll@gmail.com,6/12/2019
125,Alan,Haines,alan.haines@gmail.com,12/26/2017
126,Nick,Zandusky,nick.zandusky@gmail.com,9/20/2017
127,Kelly,Lampkin,kelly.lampkin@gmail.com,11/5/2020
128,Alan,Schoenberger,alan.schoenberger@gmail.com,11/5/2020
129,Corey,Roper,corey.roper@gmail.com,11/6/2019
130,Shahid,Hopkins,shahid.hopkins@gmail.com,11/6/2019
131,Ben,Peterman,ben.peterman@gmail.com,2/2/2020
132,Thomas,Seio,thomas.seio@gmail.com,2/2/2020
133,Andy,Gerbode,andy.gerbode@gmail.com,2/2/2020
134,Sung,Pak,sung.pak@gmail.com,10/13/2019
135,Nathan,Mautz,nathan.mautz@gmail.com,10/13/2019
136,Frank,Atkinson,frank.atkinson@gmail.com,10/13/2019
137,Grace,Kelly,grace.kelly@gmail.com,10/13/2019
138,Don,Jones,don.jones@gmail.com,10/13/2019
139,Patrick,O'Brill,patrick.o'brill@gmail.com,10/13/2019
140,John,Lucas,john.lucas@gmail.com,10/13/2019
141,Doug,Bickford,doug.bickford@gmail.com,9/5/2019
142,Alyssa,Crouse,alyssa.crouse@gmail.com,9/18/2020
143,Clay,Cheatham,clay.cheatham@gmail.com,9/18/2020
144,Tamara,Dahlen,tamara.dahlen@gmail.com,9/18/2020
145,Adam,Bellavance,adam.bellavance@gmail.com,12/22/2020
146,Jeremy,Lonsdale,jeremy.lonsdale@gmail.com,9/7/2018
147,Victoria,Brennan,victoria.brennan@gmail.com,10/22/2017
148,Katrina,Willman,katrina.willman@gmail.com,12/5/2019
149,Julia,Dunbar,julia.dunbar@gmail.com,12/5/2019
150,Michael,Kennedy,michael.kennedy@gmail.com,12/5/2019
151,Guy,Thornton,guy.thornton@gmail.com,12/5/2019
152,Arthur,Gainer,arthur.gainer@gmail.com,3/13/2019
153,Muhammed,MacIntyre,muhammed.macintyre@gmail.com,3/13/2019
154,Allen,Rosenblatt,allen.rosenblatt@gmail.com,5/31/2018
155,Russell,Applegate,russell.applegate@gmail.com,5/31/2018
156,Alejandro,Savely,alejandro.savely@gmail.com,5/31/2018
157,Laura,Armstrong,laura.armstrong@gmail.com,5/28/2018
158,Denny,Ordway,denny.ordway@gmail.com,3/1/2017
159,Dean,Katz,dean.katz@gmail.com,11/20/2019
160,Nathan,Gelder,nathan.gelder@gmail.com,11/20/2019
161,Mike,Vittorini,mike.vittorini@gmail.com,5/11/2019
162,Jack,Garza,jack.garza@gmail.com,12/28/2018
163,Bart,Pistole,bart.pistole@gmail.com,11/16/2019
164,Victor,Preis,victor.preis@gmail.com,11/7/2019
165,Saphhira,Shifley,saphhira.shifley@gmail.com,9/8/2017
166,Anna,Gayman,anna.gayman@gmail.com,9/8/2017
167,Luke,Foster,luke.foster@gmail.com,9/8/2017
168,Roy,Französisch,roy.französisch@gmail.com,9/8/2017
169,Keith,Herrera,keith.herrera@gmail.com,9/8/2017
170,Kimberly,Carter,kimberly.carter@gmail.com,9/8/2017
171,Caroline,Jumper,caroline.jumper@gmail.com,9/8/2017
172,Philip,Brown,philip.brown@gmail.com,8/5/2017
173,Michael,Paige,michael.paige@gmail.com,8/5/2017
174,Natalie,Fritzler,natalie.fritzler@gmail.com,8/5/2017
175,Shirley,Daniels,shirley.daniels@gmail.com,9/14/2017
176,Ken,Heidel,ken.heidel@gmail.com,9/14/2017
177,Ross,Baird,ross.baird@gmail.com,4/21/2020
178,Mike,Kennedy,mike.kennedy@gmail.com,11/21/2018
179,Philisse,Overcash,philisse.overcash@gmail.com,11/21/2018
180,Brenda,Bowman,brenda.bowman@gmail.com,12/15/2018
181,Troy,Blackwell,troy.blackwell@gmail.com,12/5/2017
182,Raymond,Buch,raymond.buch@gmail.com,12/5/2017
183,Ed,Braxton,ed.braxton@gmail.com,11/19/2017
184,Sanjit,Chand,sanjit.chand@gmail.com,11/19/2017
185,Tanja,Norvell,tanja.norvell@gmail.com,11/19/2017
186,Joni,Sundaresam,joni.sundaresam@gmail.com,11/28/2019
187,Maya,Herman,maya.herman@gmail.com,8/26/2017
188,Jeremy,Pistek,jeremy.pistek@gmail.com,7/16/2019
189,Jeremy,Ellison,jeremy.ellison@gmail.com,7/16/2019
190,John,Grady,john.grady@gmail.com,10/12/2018
191,Xylona,Preis,xylona.preis@gmail.com,10/12/2018
192,Erin,Mull,erin.mull@gmail.com,10/12/2018
193,Michelle,Tran,michelle.tran@gmail.com,10/12/2018
194,Sue,Ann,sue.ann@gmail.com,10/12/2018
195,Carl,Weiss,carl.weiss@gmail.com,10/31/2018
196,Astrea,Jones,astrea.jones@gmail.com,3/21/2017
197,Sonia,Sunley,sonia.sunley@gmail.com,3/21/2017
198,Rose,O'Brian,rose.o'brian@gmail.com,11/6/2020
199,Maribeth,Dona,maribeth.dona@gmail.com,7/6/2020
200,Maribeth,Yedwab,maribeth.yedwab@gmail.com,7/6/2020
201,Christopher,Martinez,christopher.martinez@gmail.com,6/24/2020
202,Lynn,Smith,lynn.smith@gmail.com,8/3/2017
203,Bradley,Nguyen,bradley.nguyen@gmail.com,8/3/2017
204,Dean,Braden,dean.braden@gmail.com,12/17/2020
205,Matt,Connell,matt.connell@gmail.com,6/3/2020
206,Brian,Dahlen,brian.dahlen@gmail.com,12/9/2020
207,Patricia,Hirasaki,patricia.hirasaki@gmail.com,12/1/2020
208,Mike,Gockenbach,mike.gockenbach@gmail.com,12/1/2020
209,Karen,Bern,karen.bern@gmail.com,12/1/2020
210,Jasper,Cacioppo,jasper.cacioppo@gmail.com,12/1/2020
211,Rob,Lucas,rob.lucas@gmail.com,12/1/2020
212,Allen,Armold,allen.armold@gmail.com,2/9/2018
213,Emily,Phan,emily.phan@gmail.com,1/2/2018
214,Darren,Koutras,darren.koutras@gmail.com,1/2/2018
215,Bradley,Drucker,bradley.drucker@gmail.com,1/2/2018
216,Liz,MacKendrick,liz.mackendrick@gmail.com,1/2/2018
217,Adrian,Shami,adrian.shami@gmail.com,1/2/2018
218,Bill,Donatelli,bill.donatelli@gmail.com,10/28/2019
219,Greg,Tran,greg.tran@gmail.com,10/28/2019
220,Ashley,Jarboe,ashley.jarboe@gmail.com,12/24/2018
221,Olvera,Toch,olvera.toch@gmail.com,12/24/2018
222,Liz,Pelletier,liz.pelletier@gmail.com,12/24/2018
223,Cynthia,Arntzen,cynthia.arntzen@gmail.com,12/24/2018
224,Jeremy,Farry,jeremy.farry@gmail.com,12/24/2018
225,Frank,Preis,frank.preis@gmail.com,12/24/2018
226,Ellis,Ballard,ellis.ballard@gmail.com,8/9/2018
227,Jennifer,Ferguson,jennifer.ferguson@gmail.com,8/9/2018
228,Sarah,Foster,sarah.foster@gmail.com,8/9/2018
229,Trudy,Glocke,trudy.glocke@gmail.com,2/28/2018
230,Carlos,Soltero,carlos.soltero@gmail.com,2/28/2018
231,Charles,Crestani,charles.crestani@gmail.com,9/13/2017
232,Dianna,Vittorini,dianna.vittorini@gmail.com,4/7/2020
233,Bruce,Degenhardt,bruce.degenhardt@gmail.com,4/7/2020
234,Zuschuss,Carroll,zuschuss.carroll@gmail.com,4/7/2020
235,Melanie,Seite,melanie.seite@gmail.com,4/7/2020
236,Lena,Radford,lena.radford@gmail.com,4/7/2020
237,Theone,Pippenger,theone.pippenger@gmail.com,11/12/2020
238,Chloris,Kastensmidt,chloris.kastensmidt@gmail.com,6/4/2019
239,Alan,Shonely,alan.shonely@gmail.com,6/4/2019
240,Andrew,Roberts,andrew.roberts@gmail.com,6/4/2019
241,Nona,Balk,nona.balk@gmail.com,6/4/2019
242,Giulietta,Dortch,giulietta.dortch@gmail.com,6/4/2019
243,Clytie,Kelty,clytie.kelty@gmail.com,6/4/2019
244,Nat,Gilpin,nat.gilpin@gmail.com,6/4/2019
245,Christina,Anderson,christina.anderson@gmail.com,6/1/2017
246,Sylvia,Foulston,sylvia.foulston@gmail.com,6/1/2017
247,Meg,O'Connel,meg.o'connel@gmail.com,6/1/2017
248,Annie,Thurman,annie.thurman@gmail.com,6/1/2017
249,Fred,McMath,fred.mcmath@gmail.com,6/1/2017
250,Denny,Joy,denny.joy@gmail.com,12/10/2019
251,Max,Engle,max.engle@gmail.com,9/11/2019
252,Justin,Deggeller,justin.deggeller@gmail.com,9/11/2019
253,John,Lee,john.lee@gmail.com,12/10/2019
254,Sean,Christensen,sean.christensen@gmail.com,12/10/2019
255,Chuck,Clark,chuck.clark@gmail.com,11/28/2018
256,Anthony,Rawles,anthony.rawles@gmail.com,11/28/2018
257,Steven,Roelle,steven.roelle@gmail.com,11/28/2018
258,Craig,Reiter,craig.reiter@gmail.com,11/28/2018
259,Eugene,Hildebrand,eugene.hildebrand@gmail.com,12/1/2020
260,Sibella,Parks,sibella.parks@gmail.com,12/1/2020
261,Tiffany,House,tiffany.house@gmail.com,12/1/2020
262,Resi,Pölking,resi.pölking@gmail.com,6/8/2020
263,Rob,Beeghly,rob.beeghly@gmail.com,9/19/2017
264,Carol,Darley,carol.darley@gmail.com,9/19/2017
265,Doug,Jacobs,doug.jacobs@gmail.com,6/6/2019
266,Grant,Thornton,grant.thornton@gmail.com,11/10/2018
267,Michael,Chen,michael.chen@gmail.com,6/16/2020
268,Ralph,Arnett,ralph.arnett@gmail.com,1/22/2019
269,Naresj,Patel,naresj.patel@gmail.com,12/9/2020
270,Alan,Barnes,alan.barnes@gmail.com,12/9/2020
271,Jesus,Ocampo,jesus.ocampo@gmail.com,12/28/2020
272,Jay,Kimmel,jay.kimmel@gmail.com,7/30/2018
273,Brad,Norvell,brad.norvell@gmail.com,7/30/2018
274,David,Philippe,david.philippe@gmail.com,7/30/2018
275,Tracy,Hopkins,tracy.hopkins@gmail.com,9/16/2020
276,Arthur,Prichep,arthur.prichep@gmail.com,9/16/2020
277,Roland,Schwarz,roland.schwarz@gmail.com,10/13/2020
278,Seth,Vernon,seth.vernon@gmail.com,10/13/2020
279,Christine,Kargatis,christine.kargatis@gmail.com,10/13/2020
280,Ross,DeVincentis,ross.devincentis@gmail.com,10/13/2020
281,Mathew,Reese,mathew.reese@gmail.com,9/26/2018
282,Steve,Chapman,steve.chapman@gmail.com,9/26/2018
283,Jay,Fein,jay.fein@gmail.com,11/2/2018
284,Emily,Grady,emily.grady@gmail.com,9/26/2018
285,Darrin,Sayre,darrin.sayre@gmail.com,9/26/2018
286,Phillina,Ober,phillina.ober@gmail.com,9/26/2018
287,Sung,Shariari,sung.shariari@gmail.com,12/18/2019
288,Peter,Bühler,peter.bühler@gmail.com,12/18/2019
289,Roland,Fjeld,roland.fjeld@gmail.com,12/18/2019
290,Yoseph,Carroll,yoseph.carroll@gmail.com,11/20/2019
291,Debra,Catini,debra.catini@gmail.com,11/20/2019
292,Christine,Phan,christine.phan@gmail.com,11/20/2019
293,Barry,Französisch,barry.französisch@gmail.com,11/20/2019
294,Lisa,Hazard,lisa.hazard@gmail.com,12/26/2017
295,Chris,Selesnick,chris.selesnick@gmail.com,12/26/2017
296,Anthony,Johnson,anthony.johnson@gmail.com,12/26/2017
297,Benjamin,Venier,benjamin.venier@gmail.com,12/26/2017
298,Dan,Lawera,dan.lawera@gmail.com,12/26/2017
299,Bryan,Mills,bryan.mills@gmail.com,10/28/2019
300,Liz,Thompson,liz.thompson@gmail.com,10/28/2019
301,Joe,Kamberova,joe.kamberova@gmail.com,10/28/2019
302,Erica,Smith,erica.smith@gmail.com,10/28/2019
303,Rick,Hansen,rick.hansen@gmail.com,10/28/2019
304,Carlos,Daly,carlos.daly@gmail.com,11/19/2020
305,Helen,Wasserman,helen.wasserman@gmail.com,5/4/2018
306,Mike,Caudle,mike.caudle@gmail.com,12/30/2017
307,Gary,McGarr,gary.mcgarr@gmail.com,6/1/2017
308,Pauline,Johnson,pauline.johnson@gmail.com,6/1/2017
309,Bart,Watters,bart.watters@gmail.com,4/15/2020
310,Toby,Ritter,toby.ritter@gmail.com,9/12/2019
311,Patrick,Gardner,patrick.gardner@gmail.com,9/12/2019
312,James,Lanier,james.lanier@gmail.com,9/12/2019
313,Brian,Moss,brian.moss@gmail.com,9/12/2019
314,Eudokia,Martin,eudokia.martin@gmail.com,9/27/2017
315,Art,Foster,art.foster@gmail.com,8/9/2017
316,Guy,Armstrong,guy.armstrong@gmail.com,8/9/2017
317,Cyma,Kinney,cyma.kinney@gmail.com,12/28/2017
318,Dave,Poirier,dave.poirier@gmail.com,11/4/2017
319,Berenike,Kampe,berenike.kampe@gmail.com,11/4/2017
320,Sanjit,Jacobs,sanjit.jacobs@gmail.com,11/4/2017
321,Chuck,Magee,chuck.magee@gmail.com,11/4/2017
322,Anthony,Jacobs,anthony.jacobs@gmail.com,11/4/2017
323,Linda,Southworth,linda.southworth@gmail.com,9/19/2017
324,Guy,Phonely,guy.phonely@gmail.com,4/23/2019
325,Paul,Knutson,paul.knutson@gmail.com,4/23/2019
326,Sally,Matthias,sally.matthias@gmail.com,11/3/2020
327,Anthony,Garverick,anthony.garverick@gmail.com,8/30/2019
328,Peter,McVee,peter.mcvee@gmail.com,8/30/2019
329,Lauren,Leatherbury,lauren.leatherbury@gmail.com,8/30/2019
330,Jill,Stevenson,jill.stevenson@gmail.com,8/30/2019
331,Ed,Ludwig,ed.ludwig@gmail.com,8/30/2019
332,Pamela,Coakley,pamela.coakley@gmail.com,4/25/2019
333,Hunter,Lopez,hunter.lopez@gmail.com,4/25/2019
334,Maribeth,Schnelling,maribeth.schnelling@gmail.com,4/25/2019
335,George,Bell,george.bell@gmail.com,9/1/2018
336,Justin,Ritter,justin.ritter@gmail.com,9/1/2018
337,Bill,Eplett,bill.eplett@gmail.com,9/1/2018
338,Sample,Company,sample.company@gmail.com,7/12/2017
339,Rob,Williams,rob.williams@gmail.com,7/12/2017
340,Sanjit,Engle,sanjit.engle@gmail.com,6/22/2018
341,Adam,Hart,adam.hart@gmail.com,4/13/2017
342,Jessica,Myrick,jessica.myrick@gmail.com,4/13/2017
343,Joel,Jenkins,joel.jenkins@gmail.com,4/13/2017
344,Ralph,Kennedy,ralph.kennedy@gmail.com,4/13/2017
345,Catherine,Glotzbach,catherine.glotzbach@gmail.com,12/20/2018
346,Rachel,Payne,rachel.payne@gmail.com,6/15/2020
347,Karen,Carlisle,karen.carlisle@gmail.com,7/8/2020
348,Katherine,Hughes,katherine.hughes@gmail.com,7/8/2020
349,Greg,Hansen,greg.hansen@gmail.com,7/8/2020
350,Scott,Williamson,scott.williamson@gmail.com,9/1/2019
351,Joseph,Airdo,joseph.airdo@gmail.com,9/1/2019
352,Daniel,Lacy,daniel.lacy@gmail.com,9/1/2019
353,Lindsay,Williams,lindsay.williams@gmail.com,9/1/2019
354,Thomas,Brumley,thomas.brumley@gmail.com,9/1/2019
355,Bryan,Spruell,bryan.spruell@gmail.com,4/8/2019
356,Robert,Waldorf,robert.waldorf@gmail.com,4/8/2019
357,Tracy,Zic,tracy.zic@gmail.com,4/8/2019
358,Ann,Steele,ann.steele@gmail.com,4/8/2019
359,Toby,Swindell,toby.swindell@gmail.com,4/23/2019
360,Sara,Luxemburg,sara.luxemburg@gmail.com,3/8/2020
361,Mitch,Willingham,mitch.willingham@gmail.com,3/8/2020
362,Rob,Dowd,rob.dowd@gmail.com,9/25/2020
363,Ryan,Akin,ryan.akin@gmail.com,9/25/2020
364,Meg,Tillman,meg.tillman@gmail.com,9/25/2020
365,Vivek,Gonzalez,vivek.gonzalez@gmail.com,9/25/2020
366,John,Stevenson,john.stevenson@gmail.com,9/24/2017
367,Kalyca,Meade,kalyca.meade@gmail.com,10/21/2019
368,Hallie,Redmond,hallie.redmond@gmail.com,10/21/2019
369,Deanra,Eno,deanra.eno@gmail.com,10/21/2019
370,Allen,Goldenen,allen.goldenen@gmail.com,10/21/2019
371,Jennifer,Jackson,jennifer.jackson@gmail.com,5/29/2020
372,Jennifer,Halladay,jennifer.halladay@gmail.com,5/29/2020
373,Robert,Dilbeck,robert.dilbeck@gmail.com,7/23/2017
374,Mary,O'Rourke,mary.o'rourke@gmail.com,7/23/2017
375,Noel,Staavos,noel.staavos@gmail.com,7/23/2017
376,Deirdre,Greer,deirdre.greer@gmail.com,7/23/2017
377,Nicole,Fjeld,nicole.fjeld@gmail.com,9/28/2019
378,Matthew,Grinstein,matthew.grinstein@gmail.com,8/27/2020
379,Theresa,Swint,theresa.swint@gmail.com,4/28/2018
380,Brian,DeCherney,brian.decherney@gmail.com,4/28/2018
381,Charles,McCrossin,charles.mccrossin@gmail.com,4/28/2018
382,Skye,Norling,skye.norling@gmail.com,10/28/2019
383,Erica,Hernandez,erica.hernandez@gmail.com,10/28/2019
384,Frank,Olsen,frank.olsen@gmail.com,6/26/2018
385,Maurice,Satty,maurice.satty@gmail.com,11/27/2018
386,Chad,Cunningham,chad.cunningham@gmail.com,11/27/2018
387,Don,Weiss,don.weiss@gmail.com,12/3/2018
388,Bill,Tyler,bill.tyler@gmail.com,12/3/2018
389,Craig,Yedwab,craig.yedwab@gmail.com,11/24/2017
390,Brad,Thomas,brad.thomas@gmail.com,12/11/2020
391,Penelope,Sewall,penelope.sewall@gmail.com,12/11/2020
392,Paul,Van,paul.van@gmail.com,9/21/2017
393,Neoma,Murray,neoma.murray@gmail.com,9/21/2017
394,Dionis,Lloyd,dionis.lloyd@gmail.com,6/7/2017
395,Christine,Sundaresam,christine.sundaresam@gmail.com,6/30/2020
396,Frank,Hawley,frank.hawley@gmail.com,10/17/2020
397,Nat,Carroll,nat.carroll@gmail.com,10/17/2020
398,Alex,Avila,alex.avila@gmail.com,10/31/2018
399,Larry,Tron,larry.tron@gmail.com,9/8/2019
400,Anne,Pryor,anne.pryor@gmail.com,9/8/2019
401,Paul,MacIntyre,paul.macintyre@gmail.com,9/8/2019
402,Alyssa,Tate,alyssa.tate@gmail.com,9/8/2019
403,Cathy,Armstrong,cathy.armstrong@gmail.com,12/24/2017
404,Harold,Ryan,harold.ryan@gmail.com,4/16/2017
405,Bradley,Talbott,bradley.talbott@gmail.com,12/24/2020
406,Larry,Hughes,larry.hughes@gmail.com,12/8/2020
407,Steven,Ward,steven.ward@gmail.com,12/8/2020
408,Stefania,Perrino,stefania.perrino@gmail.com,12/8/2020
409,Ben,Ferrer,ben.ferrer@gmail.com,12/8/2020
410,Kean,Thornton,kean.thornton@gmail.com,12/8/2020
411,Brooke,Gillingham,brooke.gillingham@gmail.com,12/8/2020
412,Greg,Matthias,greg.matthias@gmail.com,12/8/2020
413,Eva,Jacobs,eva.jacobs@gmail.com,12/8/2020
414,Nora,Preis,nora.preis@gmail.com,12/8/2020
415,Mick,Hernandez,mick.hernandez@gmail.com,11/3/2020
416,Jocasta,Rupert,jocasta.rupert@gmail.com,11/3/2020
417,Suzanne,McNair,suzanne.mcnair@gmail.com,6/24/2020
418,Chris,Cortes,chris.cortes@gmail.com,4/14/2019
419,Phillip,Flathmann,phillip.flathmann@gmail.com,11/6/2020
420,Dan,Campbell,dan.campbell@gmail.com,3/4/2020
421,Bryan,Davis,bryan.davis@gmail.com,3/4/2020
422,Gene,McClure,gene.mcclure@gmail.com,6/22/2017
423,Todd,Boyes,todd.boyes@gmail.com,10/19/2020
424,Justin,Hirsh,justin.hirsh@gmail.com,10/19/2020
425,Erica,Bern,erica.bern@gmail.com,8/21/2020
426,Quincy,Jones,quincy.jones@gmail.com,11/23/2020
427,Tracy,Collins,tracy.collins@gmail.com,11/23/2020
428,Chuck,Sachs,chuck.sachs@gmail.com,9/12/2017
429,Henry,Goldwyn,henry.goldwyn@gmail.com,10/1/2020
430,Laurel,Workman,laurel.workman@gmail.com,4/15/2019
431,Matt,Collins,matt.collins@gmail.com,4/15/2019
432,Liz,Preis,liz.preis@gmail.com,4/15/2019
433,Evan,Bailliet,evan.bailliet@gmail.com,4/15/2019
434,George,Zrebassa,george.zrebassa@gmail.com,6/6/2019
435,Cathy,Prescott,cathy.prescott@gmail.com,12/19/2017
436,Frank,Gastineau,frank.gastineau@gmail.com,12/19/2017
437,Lisa,DeCherney,lisa.decherney@gmail.com,6/12/2019
438,Alejandro,Ballentine,alejandro.ballentine@gmail.com,6/12/2019
439,Michael,Nguyen,michael.nguyen@gmail.com,9/15/2020
440,Jim,Radford,jim.radford@gmail.com,1/20/2020
441,Jamie,Frazer,jamie.frazer@gmail.com,9/5/2019
442,Chad,McGuire,chad.mcguire@gmail.com,9/5/2019
443,Aaron,Smayling,aaron.smayling@gmail.com,9/5/2019
444,Beth,Paige,beth.paige@gmail.com,9/5/2019
445,Natalie,DeCherney,natalie.decherney@gmail.com,9/5/2019
446,Larry,Blacks,larry.blacks@gmail.com,9/5/2019
447,Kean,Takahito,kean.takahito@gmail.com,3/20/2020
448,Harry,Marie,harry.marie@gmail.com,4/1/2019
449,Ann,Blume,ann.blume@gmail.com,4/1/2019
450,Sam,Zeldin,sam.zeldin@gmail.com,4/1/2019
451,Michael,Granlund,michael.granlund@gmail.com,4/1/2019
452,Julie,Kriz,julie.kriz@gmail.com,4/1/2019
453,Paul,Prost,paul.prost@gmail.com,4/1/2019
454,Yana,Sorensen,yana.sorensen@gmail.com,10/20/2020
455,Katherine,Murray,katherine.murray@gmail.com,10/20/2020
456,Adrian,Barton,adrian.barton@gmail.com,12/13/2019
457,Helen,Abelman,helen.abelman@gmail.com,2/12/2017
458,Beth,Thompson,beth.thompson@gmail.com,9/26/2019
459,Stuart,Van,stuart.van@gmail.com,9/26/2019
460,Rick,Wilson,rick.wilson@gmail.com,12/15/2018
461,Damala,Kotsonis,damala.kotsonis@gmail.com,12/15/2018
462,Shui,Tom,shui.tom@gmail.com,12/15/2018
463,Michael,Moore,michael.moore@gmail.com,4/22/2019
464,Pauline,Webber,pauline.webber@gmail.com,4/22/2019
465,Shaun,Chance,shaun.chance@gmail.com,4/22/2019
466,Thais,Sissman,thais.sissman@gmail.com,4/22/2019
467,Mark,Cousins,mark.cousins@gmail.com,4/22/2019
468,Maria,Etezadi,maria.etezadi@gmail.com,1/17/2018
469,Nicole,Hansen,nicole.hansen@gmail.com,3/31/2020
470,Mick,Brown,mick.brown@gmail.com,12/16/2019
471,Keith,Dawkins,keith.dawkins@gmail.com,12/20/2018
472,Katherine,Nockton,katherine.nockton@gmail.com,11/9/2017
473,Nora,Pelletier,nora.pelletier@gmail.com,11/9/2017
474,Cindy,Stewart,cindy.stewart@gmail.com,11/9/2017
475,Maxwell,Schwartz,maxwell.schwartz@gmail.com,11/9/2017
476,Corinna,Mitchell,corinna.mitchell@gmail.com,11/9/2017
477,Corey,Lock,corey-lock.@gmail.com,11/9/2017
478,Todd,Sumrall,todd.sumrall@gmail.com,7/12/2019
479,Jane,Waco,jane.waco@gmail.com,10/27/2019
480,John,Dryer,john.dryer@gmail.com,6/26/2019
481,Pauline,Chand,pauline.chand@gmail.com,6/26/2019
482,Andy,Reiter,andy.reiter@gmail.com,10/6/2017
483,Arianne,Irving,arianne.irving@gmail.com,7/22/2017
484,Tom,Boeckenhauer,tom.boeckenhauer@gmail.com,7/22/2017
485,Paul,Lucas,paul.lucas@gmail.com,6/10/2020
486,Gary,Hwang,gary.hwang@gmail.com,6/10/2020
487,Mike,Pelletier,mike.pelletier@gmail.com,6/10/2020
488,Jim,Mitchum,jim.mitchum@gmail.com,10/29/2017
489,Carl,Ludwig,carl.ludwig@gmail.com,6/9/2017
490,Deborah,Brumfield,deborah.brumfield@gmail.com,6/9/2017
491,Ivan,Gibson,ivan.gibson@gmail.com,6/9/2017
492,Bobby,Odegard,bobby.odegard@gmail.com,9/14/2017
493,Aimee,Bixby,aimee.bixby@gmail.com,9/14/2017
494,Julia,West,julia.west@gmail.com,5/9/2019
495,Edward,Becker,edward.becker@gmail.com,3/18/2019
496,Sheri,Gordon,sheri.gordon@gmail.com,12/27/2018
497,Charlotte,Melton,charlotte.melton@gmail.com,7/25/2019
498,Anthony,Witt,anthony.witt@gmail.com,7/25/2019
499,Mick,Crebagga,mick.crebagga@gmail.com,7/25/2019
500,Tonja,Turnell,tonja.turnell@gmail.com,7/25/2019
501,Vivek,Grady,vivek.grady@gmail.com,5/30/2019
502,Muhammed,Yedwab,muhammed.yedwab@gmail.com,5/30/2019
503,Rick,Duston,rick.duston@gmail.com,5/30/2019
504,Dennis,Pardue,dennis.pardue@gmail.com,5/30/2019
505,Marina,Lichtenstein,marina.lichtenstein@gmail.com,5/30/2019
506,Jenna,Caffey,jenna.caffey@gmail.com,11/12/2020
507,James,Galang,james.galang@gmail.com,3/16/2018
508,Marc,Crier,marc.crier@gmail.com,3/16/2018
509,Natalie,Webber,natalie.webber@gmail.com,3/16/2018
510,Toby,Braunhardt,toby.braunhardt@gmail.com,3/16/2018
511,Bill,Stewart,bill.stewart@gmail.com,11/26/2020
512,Hilary,Holden,hilary.holden@gmail.com,11/26/2020
513,Christina,DeMoss,christina.demoss@gmail.com,10/20/2019
514,Thea,Hendricks,thea.hendricks@gmail.com,12/21/2020
515,Michelle,Moray,michelle.moray@gmail.com,12/21/2020
516,Neola,Schneider,neola.schneider@gmail.com,1/22/2020
517,Robert,Barroso,robert.barroso@gmail.com,1/22/2020
518,Shaun,Weien,shaun.weien@gmail.com,1/22/2020
519,Eric,Barreto,eric.barreto@gmail.com,1/22/2020
520,Pamela,Stobb,pamela.stobb@gmail.com,3/22/2018
521,Herbert,Flentye,herbert.flentye@gmail.com,3/22/2018
522,Henia,Zydlo,henia.zydlo@gmail.com,3/22/2018
523,Cynthia,Delaney,cynthia.delaney@gmail.com,1/23/2020
524,Jamie,Kunitz,jamie.kunitz@gmail.com,5/21/2019
525,Filia,McAdams,filia.mcadams@gmail.com,5/21/2019
526,Emily,Ducich,emily.ducich@gmail.com,12/26/2018
527,Dianna,Arnett,dianna.arnett@gmail.com,10/21/2020
528,Joni,Wasserman,joni.wasserman@gmail.com,10/21/2020
529,Raymond,Messe,raymond.messe@gmail.com,9/3/2018
530,Max,Ludwig,max.ludwig@gmail.com,9/3/2018
531,Craig,Carroll,craig.carroll@gmail.com,9/3/2018
532,Jim,Epp,jim.epp@gmail.com,11/7/2018
533,Roy,Phan,roy.phan@gmail.com,9/7/2020
534,Thomas,Boland,thomas.boland@gmail.com,5/29/2019
535,Brad,Eason,brad.eason@gmail.com,5/29/2019
536,Jill,Fjeld,jill.fjeld@gmail.com,7/10/2019
537,Phillip,Breyer,phillip.breyer@gmail.com,9/3/2020
538,Brian,Thompson,brian.thompson@gmail.com,12/3/2018
539,Janet,Lee,janet.lee@gmail.com,12/7/2018
540,Cathy,Hwang,cathy.hwang@gmail.com,12/7/2018
541,Neil,Ducich,neil.ducich@gmail.com,2/1/2017
542,Barbara,Fisher,barbara.fisher@gmail.com,7/14/2019
543,Katharine,Harms,katharine.harms@gmail.com,12/18/2018
544,Giulietta,Weimer,giulietta.weimer@gmail.com,5/11/2017
545,Noah,Childs,noah.childs@gmail.com,5/11/2017
546,Michelle,Ellison,michelle.ellison@gmail.com,5/11/2017
547,Benjamin,Patterson,benjamin.patterson@gmail.com,11/19/2020
548,John,Castell,john.castell@gmail.com,11/19/2020
549,Adam,Shillingsburg,adam.shillingsburg@gmail.com,11/15/2018
550,Amy,Cox,amy.cox@gmail.com,11/15/2018
551,Michael,Dominguez,michael.dominguez@gmail.com,11/15/2018
552,Duane,Benoit,duane.benoit@gmail.com,4/15/2019
553,Erica,Hackney,erica.hackney@gmail.com,9/11/2020
554,Edward,Hooks,edward.hooks@gmail.com,11/24/2020
555,Scot,Coram,scot.coram@gmail.com,6/29/2020
556,Joe,Elijah,joe.elijah@gmail.com,3/3/2017
557,Ann,Chong,ann.chong@gmail.com,6/10/2019
558,Joy,Daniels,joy.daniels@gmail.com,6/10/2019
559,Christy,Brittain,christy.brittain@gmail.com,6/10/2019
560,Joy,Smith,joy.smith@gmail.com,11/20/2020
561,Luke,Weiss,luke.weiss@gmail.com,11/20/2020
562,Stuart,Calhoun,stuart.calhoun@gmail.com,9/14/2017
563,Anne,McFarland,anne.mcfarland@gmail.com,9/14/2017
564,Rick,Huthwaite,rick.huthwaite@gmail.com,12/7/2018
565,Carol,Triggs,carol.triggs@gmail.com,12/7/2018
566,Matt,Collister,matt.collister@gmail.com,12/7/2020
567,Corey,Catlett,corey.catlett@gmail.com,10/1/2020
568,Kelly,Andreada,kelly.andreada@gmail.com,10/1/2020
569,Tamara,Chand,tamara.chand@gmail.com,10/1/2020
570,Bart,Folk,bart.folk@gmail.com,10/1/2020
571,Magdelene,Morse,magdelene.morse@gmail.com,12/28/2020
572,Adrian,Hane,adrian.hane@gmail.com,12/28/2020
573,Ben,Wallace,ben.wallace@gmail.com,12/28/2020
574,Scot,Wooten,scot.wooten@gmail.com,12/28/2020
575,Brian,Stugart,brian.stugart@gmail.com,11/3/2019
576,Randy,Ferguson,randy.ferguson@gmail.com,9/18/2018
577,William,Brown,william.brown@gmail.com,9/18/2018
578,Trudy,Brown,trudy.brown@gmail.com,9/18/2018
579,Art,Ferguson,art.ferguson@gmail.com,7/20/2020
580,Richard,Bierner,richard.bierner@gmail.com,7/20/2020
581,Karen,Ferguson,karen.ferguson@gmail.com,9/10/2018
582,John,Huston,john.huston@gmail.com,12/1/2020
583,Ivan,Liston,ivan.liston@gmail.com,12/1/2020
584,Patrick,Bzostek,patrick.bzostek@gmail.com,12/1/2020
585,Rob,Haberlin,rob.haberlin@gmail.com,12/1/2020
586,Arthur,Wiediger,arthur.wiediger@gmail.com,12/1/2020
587,Maris,LaWare,maris.laware@gmail.com,7/3/2018
588,Dorothy,Badders,dorothy.badders@gmail.com,7/3/2018
589,Matt,Hagelstein,matt.hagelstein@gmail.com,3/20/2019
590,Dennis,Kane,dennis.kane@gmail.com,3/20/2019
591,Bobby,Trafton,bobby.trafton@gmail.com,3/20/2019
592,Denny,Blanton,denny.blanton@gmail.com,3/20/2019
593,Toby,Gnade,toby.gnade@gmail.com,1/9/2017
594,Barry,Franz,barry.franz@gmail.com,1/9/2017
595,Justin,MacKendrick,justin.mackendrick@gmail.com,8/8/2017
596,Maria,Zettner,maria.zettner@gmail.com,8/8/2017
597,Mitch,Webber,mitch.webber@gmail.com,8/8/2017
598,Mark,Van,mark.van@gmail.com,8/8/2017
599,Sean,Miller,sean.miller@gmail.com,7/14/2019
600,Tom,Prescott,tom.prescott@gmail.com,7/16/2019
601,Jim,Karlsson,jim.karlsson@gmail.com,7/16/2019
602,Patrick,Jones,patrick.jones@gmail.com,7/16/2019
603,Ricardo,Sperren,ricardo.sperren@gmail.com,3/15/2017
604,Susan,Vittorini,susan.vittorini@gmail.com,3/15/2017
605,Becky,Castell,becky.castell@gmail.com,3/15/2017
606,Elizabeth,Moffitt,elizabeth.moffitt@gmail.com,3/15/2017
607,Brendan,Murry,brendan.murry@gmail.com,3/15/2017
608,Kristina,Nunn,kristina.nunn@gmail.com,5/23/2017
609,Kelly,Williams,kelly.williams@gmail.com,5/23/2017
610,Scott,Cohen,scott.cohen@gmail.com,5/23/2017
611,Christina,VanderZanden,christina.vanderzanden@gmail.com,4/28/2019
612,Speros,Goranitis,speros.goranitis@gmail.com,4/28/2019
613,Tamara,Manning,tamara.manning@gmail.com,9/11/2019
614,Eleni,McCrary,eleni.mccrary@gmail.com,9/11/2019
615,Michelle,Lonsdale,michelle.lonsdale@gmail.com,11/14/2020
616,Clay,Rozendal,clay.rozendal@gmail.com,11/14/2020
617,Annie,Zypern,annie.zypern@gmail.com,8/18/2020
618,Pierre,Wener,pierre.wener@gmail.com,8/18/2020
619,Shahid,Collister,shahid.collister@gmail.com,8/18/2020
620,Carlos,Meador,carlos.meador@gmail.com,8/18/2020
621,Greg,Maxwell,greg.maxwell@gmail.com,8/18/2020
622,Tim,Brockman,tim.brockman@gmail.com,12/26/2017
623,John,Murray,john.murray@gmail.com,11/29/2018
624,Sonia,Cooley,sonia.cooley@gmail.com,11/29/2018
625,Luke,Schmidt,luke.schmidt@gmail.com,11/29/2018
626,Ralph,Ritter,ralph.ritter@gmail.com,11/29/2018
627,Daniel,Byrd,daniel.byrd@gmail.com,9/15/2020
628,Thomas,Thornton,thomas.thornton@gmail.com,5/19/2020
629,Lori,Olson,lori.olson@gmail.com,12/17/2020
630,Ken,Dana,ken.dana@gmail.com,12/17/2020
631,Nicole,Brennan,nicole.brennan@gmail.com,12/11/2019
632,Brian,Derr,brian.derr@gmail.com,12/11/2019
633,Chris,McAfee,chris.mcafee@gmail.com,12/11/2019
634,Edward,Nazzal,edward.nazzal@gmail.com,9/24/2020
635,Kean,Nguyen,kean.nguyen@gmail.com,9/24/2020
636,Bill,Overfelt,bill.overfelt@gmail.com,10/4/2018
637,Aleksandra,Gannaway,aleksandra.gannaway@gmail.com,8/15/2019
638,Matthew,Clasen,matthew.clasen@gmail.com,8/15/2019
639,Tom,Ashbrook,tom.ashbrook@gmail.com,5/20/2019
640,Jason,Fortune-,jason.fortune-@gmail.com,5/20/2019
641,Tim,Taslimi,tim.taslimi@gmail.com,12/18/2019
642,Sarah,Bern,sarah.bern@gmail.com,7/30/2020
643,Craig,Leslie,craig.leslie@gmail.com,7/30/2020
644,Hunter,Glantz,hunter.glantz@gmail.com,6/10/2020
645,Nancy,Lomonaco,nancy.lomonaco@gmail.com,7/21/2020
646,Rick,Reed,rick.reed@gmail.com,12/30/2020
647,Toby,Carlisle,toby.carlisle@gmail.com,4/1/2019
648,Stewart,Visinsky,stewart.visinsky@gmail.com,4/1/2019
649,Bobby,Elias,bobby.elias@gmail.com,12/11/2019
650,Steve,Carroll,steve.carroll@gmail.com,12/11/2019
651,David,Flashing,david.flashing@gmail.com,12/11/2019
652,Fred,Harton,fred.harton@gmail.com,10/23/2019
653,MaryBeth,Skach,marybeth.skach@gmail.com,6/19/2020
654,Ritsa,Hightower,ritsa.hightower@gmail.com,6/19/2020
655,George,Ashbrook,george.ashbrook@gmail.com,8/22/2019
656,Julie,Prescott,julie.prescott@gmail.com,8/22/2019
657,Dean,percer,dean.percer@gmail.com,8/22/2019
658,Michael,Oakman,michael.oakman@gmail.com,9/19/2019
659,Denise,Leinenbach,denise.leinenbach@gmail.com,9/19/2019
660,Michelle,Huthwaite,michelle.huthwaite@gmail.com,8/24/2018
661,Daniel,Raglin,daniel.raglin@gmail.com,8/24/2018
662,Darrin,Martin,darrin.martin@gmail.com,8/24/2018
663,Carol,Adams,carol.adams@gmail.com,8/24/2018
664,Anna,Chung,anna.chung@gmail.com,3/26/2019
665,Denise,Monton,denise.monton@gmail.com,11/4/2019
666,Vicky,Freymann,vicky.freymann@gmail.com,6/8/2020
667,Christopher,Conant,christopher.conant@gmail.com,6/8/2020
668,Beth,Fritzler,beth.fritzler@gmail.com,6/8/2020
669,Harry,Greene,harry.greene@gmail.com,12/24/2017
670,Becky,Pak,becky.pak@gmail.com,6/9/2020
671,Eugene,Moren,eugene.moren@gmail.com,6/9/2020
672,Michelle,Arnett,michelle.arnett@gmail.com,6/9/2020
673,Andy,Yotov,andy.yotov@gmail.com,6/15/2020
674,Giulietta,Baptist,giulietta.baptist@gmail.com,12/5/2020
675,Julia,Barnett,julia.barnett@gmail.com,12/5/2020
676,Michael,Grace,michael.grace@gmail.com,12/5/2020
677,Sharelle,Roach,sharelle.roach@gmail.com,3/18/2020
678,Joy,Bell-,joy.bell-@gmail.com,3/18/2020
679,Dario,Medina,dario.medina@gmail.com,3/18/2020
680,Tony,Chapman,tony.chapman@gmail.com,3/18/2020
681,Sean,Wendt,sean.wendt@gmail.com,11/19/2019
682,Richard,Eichhorn,richard.eichhorn@gmail.com,11/19/2019
683,Benjamin,Farhat,benjamin.farhat@gmail.com,11/19/2019
684,Katrina,Bavinger,katrina.bavinger@gmail.com,11/4/2020
685,Jason,Gross,jason.gross@gmail.com,11/4/2020
686,Erin,Creighton,erin.creighton@gmail.com,7/5/2017
687,Eugene,Barchas,eugene.barchas@gmail.com,7/5/2017
688,Jennifer,Patt,jennifer.patt@gmail.com,7/5/2017
689,Cari,Sayre,cari.sayre@gmail.com,12/25/2020
690,Gary,Hansen,gary.hansen@gmail.com,6/21/2017
691,Pete,Takahito,pete.takahito@gmail.com,6/21/2017
692,Jack,Lebron,jack.lebron@gmail.com,6/21/2017
693,Aaron,Hawkins,aaron.hawkins@gmail.com,3/28/2018
694,Cindy,Chapman,cindy.chapman@gmail.com,3/28/2018
695,David,Wiener,david.wiener@gmail.com,5/14/2018
696,Sarah,Jordon,sarah.jordon@gmail.com,5/14/2018
697,Bruce,Geld,bruce.geld@gmail.com,5/14/2018
698,Laurel,Beltran,laurel.beltran@gmail.com,5/14/2018
699,Candace,McMahon,candace.mcmahon@gmail.com,5/14/2018
700,Evan,Henry,evan.henry@gmail.com,5/14/2018
701,Tony,Sayre,tony.sayre@gmail.com,5/14/2018
702,Patrick,Ryan,patrick.ryan@gmail.com,9/2/2020
703,Liz,Carlisle,liz.carlisle@gmail.com,11/4/2019
704,Cindy,Schnelling,cindy.schnelling@gmail.com,4/9/2018
705,Dave,Hallsten,dave.hallsten@gmail.com,9/12/2017
706,Jack,O'Briant,jack.o'briant@gmail.com,9/12/2017
707,Anna,Häberlin,anna.häberlin@gmail.com,9/12/2017
708,Heather,Jas,heather.jas@gmail.com,12/2/2017
709,Mark,Hamilton,mark.hamilton@gmail.com,12/2/2017
710,Russell,D'Ascenzo,russell.d'ascenzo@gmail.com,12/2/2017
711,Sam,Craven,sam.craven@gmail.com,4/5/2017
712,Stephanie,Ulpright,stephanie.ulpright@gmail.com,9/3/2020
713,Fred,Chung,fred.chung@gmail.com,5/19/2020
714,Randy,Bradley,randy.bradley@gmail.com,5/19/2020
715,Nick,Crebassa,nick.crebassa@gmail.com,5/19/2020
716,Darren,Budd,darren.budd@gmail.com,7/1/2017
717,Maureen,Fritzler,maureen.fritzler@gmail.com,1/11/2017
718,Roland,Murray,roland.murray@gmail.com,9/24/2020
719,Vivian,Mathis,vivian.mathis@gmail.com,6/2/2017
720,Ed,Jacobs,ed.jacobs@gmail.com,6/2/2017
721,Nathan,Cano,nathan.cano@gmail.com,2/13/2019
722,Lycoris,Saunders,lycoris.saunders@gmail.com,12/15/2019
723,Katrina,Edelman,katrina.edelman@gmail.com,12/15/2019
724,Duane,Huffman,duane.huffman@gmail.com,10/7/2017
725,Peter,Fuller,peter.fuller@gmail.com,7/7/2019
726,Valerie,Takahito,valerie.takahito@gmail.com,9/16/2020
727,Maureen,Gnade,maureen.gnade@gmail.com,9/16/2020
728,Susan,Pistek,susan.pistek@gmail.com,12/3/2019
729,Charles,Sheldon,charles.sheldon@gmail.com,12/3/2019
730,Dana,Kaydos,dana.kaydos@gmail.com,12/3/2019
731,Khloe,Miller,khloe.miller@gmail.com,12/3/2019
732,Anna,Andreadi,anna.andreadi@gmail.com,12/3/2019
733,Dorothy,Dickinson,dorothy.dickinson@gmail.com,1/21/2020
734,Amy,Hunt,amy.hunt@gmail.com,1/21/2020
735,Tracy,Poddar,tracy.poddar@gmail.com,1/21/2020
736,Eileen,Kiefer,eileen.kiefer@gmail.com,1/21/2020
737,Cyra,Reiten,cyra.reiten@gmail.com,1/21/2020
738,Susan,Gilcrest,susan.gilcrest@gmail.com,1/21/2020
739,Angele,Hood,angele.hood@gmail.com,9/8/2017
740,Neil,Französisch,neil.französisch@gmail.com,1/4/2017
741,Bill,Shonely,bill.shonely@gmail.com,1/4/2017
742,Stefanie,Holloman,stefanie.holloman@gmail.com,1/4/2017
743,Roger,Demir,roger.demir@gmail.com,8/27/2019
744,Alex,Grayson,alex.grayson@gmail.com,8/27/2019
745,Georgia,Rosenberg,georgia.rosenberg@gmail.com,8/27/2019
746,Vivek,Sundaresam,vivek.sundaresam@gmail.com,8/27/2019
747,Tony,Molinari,tony.molinari@gmail.com,5/27/2017
748,Tom,Stivers,tom.stivers@gmail.com,5/27/2017
749,Dennis,Bolton,dennis.bolton@gmail.com,3/20/2019
750,Nick,Radford,nick.radford@gmail.com,10/2/2020
751,Cari,Schnelling,cari.schnelling@gmail.com,10/2/2020
752,Monica,Federle,monica.federle@gmail.com,10/2/2020
753,Liz,Willingham,liz.willingham@gmail.com,10/2/2020
754,Alex,Russell,alex.russell@gmail.com,4/7/2019
755,Karen,Seio,karen.seio@gmail.com,12/7/2018
756,Aaron,Bergman,aaron.bergman@gmail.com,9/18/2019
757,Lisa,Ryan,lisa.ryan@gmail.com,12/29/2017
758,Shahid,Shariari,shahid.shariari@gmail.com,12/29/2017
759,Jill,Matthias,jill.matthias@gmail.com,7/23/2020
760,Jason,Klamczynski,jason.klamczynski@gmail.com,9/18/2020
761,Don,Miller,don.miller@gmail.com,8/31/2018
762,Muhammed,Lee,muhammed.lee@gmail.com,11/3/2020
763,Marc,Harrigan,marc.harrigan@gmail.com,2/8/2018
764,Frank,Carlisle,frank.carlisle@gmail.com,1/13/2017
765,Thea,Hudgings,thea.hudgings@gmail.com,1/13/2017
766,Juliana,Krohn,juliana.krohn@gmail.com,1/13/2017
767,Sarah,Brown,sarah.brown@gmail.com,1/13/2017
768,Barry,Gonzalez,barry.gonzalez@gmail.com,1/13/2017
769,Barry,Weirich,barry.weirich@gmail.com,5/14/2017
770,Mitch,Gastineau,mitch.gastineau@gmail.com,5/19/2019
771,Doug,O'Connell,doug.o'connell@gmail.com,1/30/2020
772,Barry,Pond,barry.pond@gmail.com,1/30/2020
773,Trudy,Schmidt,trudy.schmidt@gmail.com,1/30/2020
774,Evan,Minnotte,evan.minnotte@gmail.com,1/30/2020
775,Anthony,O'Donnell,anthony.o'donnell@gmail.com,1/30/2020
776,Mark,Haberlin,mark.haberlin@gmail.com,1/30/2020
777,Shirley,Schmidt,shirley.schmidt@gmail.com,6/29/2017
778,Lela,Donovan,lela.donovan@gmail.com,8/21/2018
779,Victoria,Pisteka,victoria.pisteka@gmail.com,8/21/2018
780,Theresa,Coyne,theresa.coyne@gmail.com,8/21/2018
781,Ionia,McGrath,ionia.mcgrath@gmail.com,8/21/2018
782,Anemone,Ratner,anemone.ratner@gmail.com,10/3/2018
783,Craig,Molinari,craig.molinari@gmail.com,10/3/2018
784,Fred,Wasserman,fred.wasserman@gmail.com,10/3/2018
785,Lindsay,Castell,lindsay.castell@gmail.com,10/3/2018
786,Harold,Engle,harold.engle@gmail.com,5/23/2018
787,Brendan,Dodson,brendan.dodson@gmail.com,3/17/2020
788,Harold,Dahlen,harold.dahlen@gmail.com,12/12/2018
789,Carl,Jackson,carl.jackson@gmail.com,6/26/2018
790,Roy,Skaria,roy.skaria@gmail.com,6/26/2018
791,Sung,Chung,sung.chung@gmail.com,6/26/2018
792,Ricardo,Emerson,ricardo.emerson@gmail.com,6/26/2018
793,Susan,MacKendrick,susan.mackendrick@gmail.com,5/20/2019
